City_ID,City,Country,Lat,Lng,Max Temp,Humidity,Cloudiness,Wind Speed,Current Description
0,La Rioja,ES,42.25,-2.5,60.8,36,0,9.22,clear sky
1,Sinnamary,GF,5.3833,-52.95,79.5,85,100,10.31,light rain
2,Chipata,ZM,-13.6333,32.65,64.44,89,53,5.5,broken clouds
3,Namibe,AO,-15.1961,12.1522,78.53,87,98,9.71,overcast clouds
4,Hasaki,JP,35.7333,140.8333,64.4,94,75,6.91,broken clouds
5,Puquio,PE,-14.7,-74.1333,59.47,64,99,6.38,overcast clouds
6,Busselton,AU,-33.65,115.3333,63.0,91,0,1.01,clear sky
7,Hermanus,ZA,-34.4187,19.2345,68.0,87,85,13.02,light rain
8,Havre,FR,49.5833,0.3333,44.6,81,0,8.05,clear sky
9,Lundazi,ZM,-12.2929,33.1782,65.03,96,68,6.64,broken clouds
10,Biu,NG,10.6129,12.1946,87.89,12,49,6.73,scattered clouds
11,Provideniya,RU,64.3833,-173.3,-4.58,86,26,6.71,scattered clouds
12,Port Moresby,PG,-9.4431,147.1797,77.0,94,40,3.44,scattered clouds
13,Mataura,NZ,-46.1927,168.8643,55.99,79,51,10.0,broken clouds
14,Boda,CF,4.3189,17.4695,86.95,34,80,3.0,broken clouds
15,Rikitea,PF,-23.1203,-134.9692,76.62,70,29,15.84,light rain
16,Mashhad,IR,36.297,59.6062,50.0,71,75,6.91,broken clouds
17,Bengkulu,ID,-3.8004,102.2655,76.44,87,100,8.97,overcast clouds
18,Georgetown,MY,5.4112,100.3354,84.99,83,20,4.45,heavy intensity rain
19,Punta Arenas,CL,-53.15,-70.9167,48.2,53,0,17.27,clear sky
20,Kieta,PG,-6.2167,155.6333,77.81,84,96,4.52,light rain
21,Ushuaia,AR,-54.8,-68.3,48.2,53,20,2.3,few clouds
22,Portland,US,45.5234,-122.6762,55.0,62,75,10.36,broken clouds
23,Bambous Virieux,MU,-20.3428,57.7575,81.0,74,14,5.99,few clouds
24,Iralaya,HN,15.0,-83.2333,77.0,94,90,13.8,light intensity drizzle
25,Norden,DE,53.6,7.2,45.0,83,77,5.01,broken clouds
26,Atuona,PF,-9.8,-139.0333,80.4,81,59,11.63,broken clouds
27,Bloomfield,US,40.8068,-74.1854,62.01,33,20,5.75,few clouds
28,Lompoc,US,34.6391,-120.4579,60.01,71,43,5.75,scattered clouds
29,Vaini,TO,-21.2,-175.2,71.6,88,75,5.75,broken clouds
30,Kavieng,PG,-2.5744,150.7967,77.88,86,100,5.59,light rain
31,Rockland,US,41.1668,-74.0496,59.0,36,50,1.01,scattered clouds
32,Bud,US,39.447,-86.1758,69.01,37,1,7.72,clear sky
33,Savonlinna,FI,61.8699,28.88,42.8,65,0,12.66,clear sky
34,Lorengau,PG,-2.0226,147.2712,80.19,81,99,5.3,overcast clouds
35,Matara,LK,5.9485,80.5353,76.73,86,79,7.83,broken clouds
36,Korla,CN,41.7597,86.1469,50.07,31,0,16.87,clear sky
37,Vardo,NO,70.3705,31.1107,35.6,87,75,21.85,broken clouds
38,Ahipara,NZ,-35.1667,173.1667,58.24,86,26,4.56,scattered clouds
39,Tuktoyaktuk,CA,69.4541,-133.0374,-13.0,77,20,14.97,mist
40,Khatanga,RU,71.9667,102.5,-15.56,90,10,6.51,clear sky
41,Bredasdorp,ZA,-34.5322,20.0403,66.2,82,89,8.05,overcast clouds
42,Bac Lieu,VN,9.285,105.7244,81.52,78,60,10.38,broken clouds
43,Wilmington,US,34.2257,-77.9447,71.01,23,1,9.22,clear sky
44,Bustamante,MX,26.5333,-100.5,66.11,71,100,4.05,overcast clouds
45,Gemena,CD,3.25,19.7667,79.97,61,98,3.29,overcast clouds
46,Cape Town,ZA,-33.9258,18.4232,70.0,83,20,16.11,few clouds
47,Hilo,US,19.7297,-155.09,69.8,83,20,4.61,few clouds
48,Bumba,CD,2.1833,22.4667,78.3,72,94,3.15,overcast clouds
49,Mount Isa,AU,-20.7333,139.5,71.6,68,40,5.75,scattered clouds
50,Hithadhoo,MV,-0.6,73.0833,83.93,72,79,18.12,broken clouds
51,Dongobesh,TZ,-4.0667,35.3833,58.21,90,95,6.24,overcast clouds
52,Kentau,KZ,43.5206,68.5094,45.39,82,98,15.93,overcast clouds
53,Husavik,IS,66.0449,-17.3389,15.8,86,90,18.41,light snow
54,Saldanha,ZA,-33.0117,17.9442,68.0,77,52,13.8,broken clouds
55,Dikson,RU,73.5069,80.5464,7.99,94,100,8.48,light snow
56,Ribeira Grande,PT,38.5167,-28.7,60.8,94,75,18.41,broken clouds
57,Carnarvon,AU,-24.8667,113.6333,77.0,78,30,17.27,scattered clouds
58,Ponta Do Sol,PT,32.6667,-17.1,64.4,59,75,2.3,broken clouds
59,Kaitangata,NZ,-46.2817,169.8464,61.0,50,32,11.01,scattered clouds
60,Xiaoweizhai,CN,26.1903,107.5125,48.74,97,100,1.81,moderate rain
61,Alyangula,AU,-13.8483,136.4192,78.78,62,35,4.45,scattered clouds
62,Alofi,NU,-19.0595,-169.9187,69.8,100,97,3.44,overcast clouds
63,Arkhipo-Osipovka,RU,44.37,38.52,49.64,89,100,3.15,light rain
64,San Cosme Y Damian,PY,-27.3167,-56.35,87.8,48,0,6.91,clear sky
65,Grindavik,IS,63.8424,-22.4338,21.2,53,75,20.71,broken clouds
66,Torbay,CA,47.6666,-52.7314,43.0,93,90,13.8,mist
67,Lebu,CL,-37.6167,-73.65,61.86,63,0,10.09,clear sky
68,Jamestown,US,42.097,-79.2353,55.0,35,1,6.91,clear sky
69,Soyo,AO,-6.1349,12.3689,80.46,83,96,11.97,overcast clouds
70,Liku,ID,-0.7275,119.8922,75.56,91,100,1.32,heavy intensity rain
71,Mandera,KE,3.9366,41.867,81.0,67,60,19.82,moderate rain
72,Severo-Yeniseyskiy,RU,60.3725,93.0408,29.8,97,100,6.91,overcast clouds
73,Saint-Philippe,RE,-21.3585,55.7679,78.8,73,0,3.44,clear sky
74,Puerto Ayora,EC,-0.7393,-90.3518,82.4,74,20,11.5,few clouds
75,Barrow,US,71.2906,-156.7887,-9.4,70,1,12.66,clear sky
76,Wasilla,US,61.5814,-149.4394,37.4,93,90,5.75,light rain
77,Salalah,OM,17.0151,54.0924,82.4,83,0,4.61,clear sky
78,San Patricio,US,28.017,-97.5169,80.6,47,90,13.8,overcast clouds
79,Saskylakh,RU,71.9167,114.0833,-26.91,100,25,3.4,scattered clouds
80,Hofn,IS,64.2539,-15.2082,17.24,52,70,14.99,broken clouds
81,Bluff,NZ,-46.6,168.3333,55.99,79,80,10.0,broken clouds
82,Mokrousovo,RU,55.8103,66.7653,32.97,97,100,9.62,overcast clouds
83,Yellowknife,CA,62.456,-114.3525,18.0,57,20,8.05,few clouds
84,Sitka,US,57.0531,-135.33,37.4,93,90,6.91,light rain
85,Albany,US,42.6001,-73.9662,55.99,23,36,1.99,scattered clouds
86,Mahebourg,MU,-20.4081,57.7,81.0,74,11,5.99,few clouds
87,Butaritari,KI,3.0707,172.7902,81.28,79,50,10.07,light rain
88,Pangnirtung,CA,66.1451,-65.7125,12.2,57,75,9.22,snow
89,Verkhnevilyuysk,RU,63.4453,120.3167,-22.41,100,99,2.82,overcast clouds
90,Castro,BR,-24.7911,-50.0119,73.27,52,52,5.82,broken clouds
91,Bereda,ES,43.2686,-7.5406,55.99,76,5,14.0,clear sky
92,Camacupa,AO,-12.0167,17.4833,65.5,76,67,4.88,broken clouds
93,Kodiak,US,57.79,-152.4072,33.8,80,20,3.44,few clouds
94,Inta,RU,66.0317,60.1659,23.59,94,100,7.27,overcast clouds
95,General Roca,AR,-39.0333,-67.5833,82.4,51,0,2.3,clear sky
96,Faanui,PF,-16.4833,-151.75,81.37,76,25,9.98,scattered clouds
97,Saint-Paul,RE,-21.0096,55.2707,78.8,78,40,12.66,scattered clouds
98,Tiksi,RU,71.6872,128.8694,-21.06,100,83,4.68,broken clouds
99,Chokurdakh,RU,70.6333,147.9167,-29.06,100,26,4.32,scattered clouds
100,Gambela,ET,8.25,34.5833,85.17,49,70,3.87,broken clouds
101,New Norfolk,AU,-42.7826,147.0587,55.99,67,98,3.0,overcast clouds
102,Kapaa,US,22.0752,-159.319,73.4,68,90,19.57,overcast clouds
103,Khandyga,RU,62.6667,135.6,-29.92,100,35,1.23,scattered clouds
104,Yarovoye,RU,52.9273,78.58,23.43,90,60,9.01,broken clouds
105,Port Alfred,ZA,-33.5906,26.891,66.2,86,0,12.57,clear sky
106,Namatanai,PG,-3.6667,152.4333,77.76,85,94,5.66,moderate rain
107,Atar,MR,20.5169,-13.0499,98.74,10,92,14.05,overcast clouds
108,Kefamenanu,ID,-9.4467,124.4781,72.91,95,100,20.18,light rain
109,Maniitsoq,GL,65.4167,-52.9,32.2,97,100,33.2,snow
110,Eirunepe,BR,-6.6603,-69.8736,81.95,78,96,2.53,overcast clouds
111,Cayenne,GF,4.9333,-52.3333,80.6,89,75,9.22,moderate rain
112,Antofagasta,CL,-23.65,-70.4,73.99,60,0,11.5,clear sky
113,Mehamn,NO,71.0357,27.8492,33.8,93,75,5.75,broken clouds
114,Los Llanos De Aridane,ES,28.6585,-17.9182,68.0,60,90,3.44,overcast clouds
115,Ixtapa,MX,20.7,-105.2,84.2,48,1,8.05,clear sky
116,Yanam,IN,16.7333,82.2167,77.54,95,78,3.74,broken clouds
117,Tambopata,PE,-12.7333,-69.1833,82.4,78,75,4.61,broken clouds
118,Cherskiy,RU,68.75,161.3,-15.99,100,96,3.27,overcast clouds
119,Ko Samui,TH,9.5357,99.9357,82.35,72,87,1.66,overcast clouds
120,San Felipe,VE,10.3399,-68.7425,85.73,57,100,6.91,overcast clouds
121,Thompson,CA,55.7435,-97.8558,32.0,40,40,2.3,scattered clouds
122,Wewak,PG,-3.5534,143.6268,77.85,87,100,5.28,overcast clouds
123,Vila Velha,BR,-20.3297,-40.2925,82.4,65,20,16.11,few clouds
124,San Blas,MX,21.5167,-105.2667,84.2,34,1,3.44,clear sky
125,Upington,ZA,-28.4478,21.2561,84.2,24,0,3.44,clear sky
126,Port Lincoln,AU,-34.7333,135.8667,62.47,83,0,11.77,light rain
127,Poros,GR,37.4994,23.4536,68.0,63,73,3.0,broken clouds
128,Bataipora,BR,-22.2953,-53.2711,88.02,37,61,6.53,broken clouds
129,Aktau,KZ,43.65,51.2,46.4,87,0,6.71,clear sky
130,Nikolskoye,RU,59.7035,30.7861,42.01,70,75,8.95,broken clouds
131,La Ronge,CA,55.1001,-105.2842,37.4,86,90,9.22,overcast clouds
132,Adrar,MR,20.5022,-10.0711,94.86,11,68,7.94,broken clouds
133,Nanortalik,GL,60.1432,-45.2371,37.42,79,92,10.96,overcast clouds
134,Banepa,NP,27.6298,85.5214,57.2,54,20,2.3,haze
135,Plettenberg Bay,ZA,-34.0527,23.3716,67.68,79,24,6.2,few clouds
136,Saint George,US,37.1041,-113.5841,75.99,19,1,1.19,clear sky
137,Hobart,AU,-42.8794,147.3294,55.99,67,40,8.05,scattered clouds
138,Piqua,US,40.1448,-84.2424,68.0,40,60,5.66,broken clouds
139,Coquimbo,CL,-29.9533,-71.3436,62.6,77,90,8.05,overcast clouds
140,Takoradi,GH,4.8845,-1.7554,81.97,79,25,10.85,scattered clouds
141,Sumbe,AO,-11.2061,13.8437,79.41,86,99,4.38,overcast clouds
142,Upernavik,GL,72.7868,-56.1549,-9.08,79,2,11.54,clear sky
143,Ambon,ID,-3.6954,128.1814,80.6,83,40,5.75,scattered clouds
144,Zaraysk,RU,54.7653,38.8836,30.99,100,74,5.21,broken clouds
145,Dauriya,RU,49.9333,116.8667,36.37,60,77,17.81,broken clouds
146,Comodoro Rivadavia,AR,-45.8667,-67.5,80.6,29,0,11.5,clear sky
147,Leningradskiy,RU,69.3833,178.4167,-2.36,95,100,6.17,overcast clouds
148,Ancud,CL,-41.8697,-73.8203,70.0,59,0,8.05,clear sky
149,East London,ZA,-33.0153,27.9116,64.4,77,0,4.61,clear sky
150,Dingle,PH,10.9995,122.6711,75.15,88,67,7.29,broken clouds
151,Rjukan,NO,59.8789,8.5941,46.99,60,78,1.99,broken clouds
152,Hambantota,LK,6.1241,81.1185,79.27,78,99,8.57,overcast clouds
153,Labuhan,ID,-6.8844,112.2051,76.33,91,100,10.22,overcast clouds
154,Guapo,BR,-16.8306,-49.5319,86.0,51,40,5.75,scattered clouds
155,Kruisfontein,ZA,-34.0033,24.7314,66.0,80,8,5.01,clear sky
156,Norman Wells,CA,65.282,-126.8329,6.8,66,40,8.05,scattered clouds
157,Fairbanks,US,64.8378,-147.7164,33.8,100,90,10.36,light snow
158,Petit Goave,HT,18.4314,-72.8669,86.0,54,75,2.3,broken clouds
159,Tignere,CM,7.3667,12.65,78.96,18,19,4.09,few clouds
160,Kutum,SD,14.2,24.6667,76.78,13,25,11.01,scattered clouds
161,Te Anau,NZ,-45.4167,167.7167,54.63,73,42,10.71,scattered clouds
162,Wangaratta,AU,-36.3667,146.3333,53.6,94,1,3.44,clear sky
163,Taylorville,US,39.5489,-89.2945,73.0,35,1,5.75,clear sky
164,Nantucket,US,41.2835,-70.0995,43.99,60,1,13.94,clear sky
165,Placido De Castro,BR,-10.3353,-67.1856,86.18,67,82,3.02,broken clouds
166,Bethel,US,41.3712,-73.414,57.0,24,1,3.44,clear sky
167,Miechow,PL,50.3565,20.0279,41.0,56,20,3.44,few clouds
168,Kiunga,PG,-6.1219,141.2906,71.35,93,89,2.06,moderate rain
169,Muyezerskiy,RU,63.9333,31.65,36.43,93,100,14.32,overcast clouds
170,Surt,LY,31.2089,16.5887,82.09,18,77,14.32,broken clouds
171,Vanavara,RU,60.34,102.2797,-1.01,98,60,3.71,broken clouds
172,Hikone,JP,35.25,136.25,52.0,95,100,1.99,overcast clouds
173,Tumut,AU,-35.3,148.2167,55.4,100,0,4.61,clear sky
174,Ostrovnoy,RU,68.0531,39.5131,32.09,88,100,19.84,overcast clouds
175,Talnakh,RU,69.4865,88.3972,7.65,79,99,11.27,overcast clouds
176,Tilichiki,RU,60.4667,166.1,6.82,89,100,16.4,overcast clouds
177,Sotouboua,TG,8.5667,0.9833,90.61,33,81,4.0,broken clouds
178,Luderitz,NA,-26.6481,15.1594,72.43,64,0,19.28,clear sky
179,Pevek,RU,69.7008,170.3133,-15.45,98,94,8.43,overcast clouds
180,Shannon,IE,52.7039,-8.8642,48.2,71,75,17.27,broken clouds
181,Zherdevka,RU,51.8486,41.4606,40.71,77,100,5.64,overcast clouds
182,Avarua,CK,-21.2078,-159.775,80.6,83,75,11.5,light rain
183,Qaanaaq,GL,77.484,-69.3632,-12.39,68,18,6.98,few clouds
184,Olinala,MX,17.8333,-98.85,83.95,25,1,4.29,clear sky
185,Ornskoldsvik,SE,63.2909,18.7153,37.4,81,90,8.05,overcast clouds
186,Muros,ES,42.7762,-9.0603,70.0,47,4,5.01,clear sky
187,Tasiilaq,GL,65.6145,-37.6368,23.0,63,90,8.05,light snow
188,Axim,GH,4.8699,-2.2405,81.93,79,29,10.07,scattered clouds
189,Upata,VE,8.0086,-62.3989,79.57,73,99,10.11,overcast clouds
190,Phulabani,IN,20.4667,84.2333,73.15,74,1,6.53,clear sky
191,Mitu,CO,1.1983,-70.1733,72.79,98,100,2.93,overcast clouds
192,Souillac,MU,-20.5167,57.5167,81.0,74,4,5.99,clear sky
193,Bagdarin,RU,54.4333,113.6,22.42,56,22,9.19,few clouds
194,Narsaq,GL,60.9167,-46.05,39.2,87,90,9.22,overcast clouds
195,Kommunisticheskiy,RU,61.6789,64.4819,32.32,98,100,4.97,overcast clouds
196,Changli,CN,39.7042,119.1506,49.82,29,7,6.76,clear sky
197,Paita,PE,-5.0892,-81.1144,89.6,48,0,12.66,clear sky
198,Margate,GB,51.3813,1.3862,53.01,61,24,4.0,few clouds
199,Hirara,JP,24.8,125.2833,66.92,71,86,26.22,overcast clouds
200,Teguldet,RU,57.3064,88.1667,29.17,97,100,2.89,overcast clouds
201,Vestmannaeyjar,IS,63.4427,-20.2734,22.23,49,59,31.23,broken clouds
202,Noumea,NC,-22.2763,166.4572,77.0,78,0,2.3,clear sky
203,Lata,PT,40.1629,-8.3327,71.01,52,0,11.5,clear sky
204,Moose Factory,CA,51.2585,-80.6094,39.2,69,1,6.91,clear sky
205,Bara,NG,10.3744,10.7288,89.78,12,42,6.85,scattered clouds
206,Bosaso,SO,11.2842,49.1816,79.07,62,36,0.94,scattered clouds
207,Kysyl-Syr,RU,63.8986,122.7617,-25.06,99,66,3.4,broken clouds
208,Coos Bay,US,43.3665,-124.2179,53.01,87,90,8.05,overcast clouds
209,Ahuimanu,US,21.4447,-157.8378,69.8,88,90,14.97,light rain
210,Westport,US,41.1415,-73.3579,57.0,24,75,6.55,broken clouds
211,Chuy,UY,-33.6971,-53.4616,74.57,69,22,11.83,few clouds
212,Pasighat,IN,28.0667,95.3333,69.76,47,17,4.94,few clouds
213,Maarianhamina,AX,60.0973,19.9348,39.2,81,0,18.41,clear sky
214,Sao Gabriel Da Cachoeira,BR,-0.1303,-67.0892,82.4,83,40,6.91,scattered clouds
215,Votorantim,BR,-23.5467,-47.4378,82.99,40,96,5.99,overcast clouds
216,San Quintin,MX,30.4833,-115.95,66.83,63,21,15.39,few clouds
217,Port Elizabeth,ZA,-33.918,25.5701,66.2,82,20,21.85,few clouds
218,Lulea,SE,65.5842,22.1547,41.0,70,0,11.5,clear sky
219,Yerbogachen,RU,61.2767,108.0108,-15.43,99,68,4.07,broken clouds
220,Placerville,US,38.7296,-120.7986,62.01,62,1,3.44,clear sky
221,Balkhash,KZ,46.844,74.9804,43.65,54,100,8.95,overcast clouds
222,Lalpur,IN,22.2,69.9667,81.37,54,0,10.74,clear sky
223,Padang,ID,-0.9492,100.3543,75.2,88,20,2.3,few clouds
224,Katsuura,JP,35.1333,140.3,66.0,97,100,3.0,overcast clouds
225,Zhigansk,RU,66.7697,123.3711,-24.68,100,53,5.55,broken clouds
226,Longyearbyen,SJ,78.2186,15.6401,24.8,68,75,31.07,snow
227,Codrington,AU,-38.2667,141.9667,57.61,66,89,8.57,overcast clouds
228,Poronaysk,RU,49.2167,143.1167,21.6,84,8,4.85,clear sky
229,Frolovo,RU,49.7713,43.6622,39.0,71,100,1.01,overcast clouds
230,Zyryanka,RU,65.75,150.85,-9.18,99,100,6.35,overcast clouds
231,Okha,RU,53.5739,142.9478,9.81,81,14,13.96,few clouds
232,Ust-Maya,RU,60.4167,134.5333,-16.96,100,55,1.25,broken clouds
233,Barreiras,BR,-12.1528,-44.99,96.15,26,54,3.62,broken clouds
234,Sao Filipe,CV,14.8961,-24.4956,75.47,69,42,5.95,scattered clouds
235,Okhotsk,RU,59.3833,143.3,18.0,97,100,2.13,overcast clouds
236,Richards Bay,ZA,-28.783,32.0377,66.43,75,0,4.32,clear sky
237,Portobelo,PA,9.55,-79.65,86.0,74,67,7.0,broken clouds
238,Blankenberge,BE,51.3131,3.1323,46.0,75,0,8.05,clear sky
239,Gat,IL,31.61,34.7642,64.0,27,0,8.16,clear sky
240,Eucaliptus,BO,-17.5833,-67.5167,57.69,37,100,8.63,overcast clouds
241,Nome,US,64.5011,-165.4064,-0.4,78,90,26.46,mist
242,Cidreira,BR,-30.1811,-50.2056,75.25,69,5,15.17,clear sky
243,Ust-Nera,RU,64.5667,143.2,-0.85,98,100,6.89,overcast clouds
244,Riyadh,SA,24.6877,46.7219,75.2,10,0,12.66,clear sky
245,Inverell,AU,-29.7833,151.1167,57.99,95,99,4.56,light rain
246,Ribeira Brava,PT,32.65,-17.0667,64.4,59,75,2.3,broken clouds
247,Akureyri,IS,65.6835,-18.0878,15.8,86,90,18.41,light snow
248,Srivardhan,IN,18.0333,73.0167,78.62,78,17,5.53,few clouds
249,Lingao,CN,19.9103,109.6859,75.07,89,46,9.37,scattered clouds
250,Deputatskiy,RU,69.3,139.9,-9.98,99,100,1.3,overcast clouds
251,Shubarkuduk,KZ,49.1447,56.4872,40.44,90,67,7.49,broken clouds
252,Ketchikan,US,55.3422,-131.6461,35.6,100,90,4.61,overcast clouds
253,Victoria,HK,22.2855,114.1577,73.0,90,97,1.01,overcast clouds
254,Manaquiri,BR,-3.3167,-60.35,89.6,66,40,3.44,scattered clouds
255,Moron,AR,-34.6534,-58.6198,80.01,50,40,5.75,scattered clouds
256,Broome,US,42.2506,-75.833,57.0,35,40,12.66,scattered clouds
257,Ossora,RU,59.2353,163.0719,13.6,93,100,24.7,snow
258,Trat,TH,12.5,102.5,80.01,99,100,1.97,overcast clouds
259,Aklavik,CA,68.2191,-135.0107,-5.8,77,75,10.36,broken clouds
260,Nelidovo,RU,56.2211,32.7774,30.24,90,93,4.92,overcast clouds
261,Sungaipenuh,ID,-2.0833,101.3833,63.63,84,100,1.61,heavy intensity rain
262,Esperance,AU,-33.8667,121.9,62.6,88,20,13.8,few clouds
263,Malkerns,SZ,-26.5667,31.1833,63.0,90,5,1.32,clear sky
264,Mayo,US,38.8876,-76.5119,66.99,36,1,12.66,clear sky
265,Dombarovskiy,RU,50.7587,59.5386,31.78,96,95,8.25,overcast clouds
266,Bulgan,MN,48.8125,103.5347,36.48,33,4,2.21,clear sky
267,Diapaga,BF,12.0708,1.7889,95.47,6,24,0.65,few clouds
268,Tsumeb,NA,-19.2333,17.7167,68.0,77,2,1.14,clear sky
269,Diffa,NE,13.3154,12.6113,87.12,9,0,7.74,clear sky
270,Qaqortoq,GL,60.7167,-46.0333,39.2,87,90,9.22,overcast clouds
271,Sawakin,SD,19.1059,37.3321,76.19,61,41,8.86,scattered clouds
272,Talcahuano,CL,-36.7167,-73.1167,57.2,82,90,11.5,overcast clouds
273,Mount Darwin,ZW,-16.7725,31.5838,66.72,59,0,3.8,clear sky
274,Kaberamaido,UG,1.7389,33.1594,68.86,89,99,5.95,light rain
275,Namtsy,RU,62.7161,129.6658,-14.8,70,0,6.71,clear sky
276,Sola,VU,-13.8833,167.55,80.35,80,99,21.03,overcast clouds
277,Laguna,US,38.421,-121.4238,60.01,62,1,4.85,clear sky
278,Havre-Saint-Pierre,CA,50.2334,-63.5986,37.4,100,90,14.97,mist
279,Auki,SB,-8.7676,160.7034,78.08,86,94,3.42,overcast clouds
280,Pacific Grove,US,36.6177,-121.9166,57.2,58,1,8.05,clear sky
281,Asau,RO,46.4333,26.4,39.99,50,100,3.49,overcast clouds
282,Komsomolets,KZ,53.7453,62.0708,33.28,99,100,4.9,overcast clouds
283,Boa Vista,BR,2.8197,-60.6733,89.6,51,75,9.22,broken clouds
284,Port-Gentil,GA,-0.7193,8.7815,84.2,79,20,11.5,light rain
285,Amarante Do Maranhao,BR,-5.5667,-46.7422,86.92,60,73,7.49,broken clouds
286,Taoudenni,ML,22.6783,-3.9836,97.2,10,20,14.72,few clouds
287,Stornoway,GB,58.2093,-6.3865,41.0,70,75,25.32,moderate rain
288,Mount Gambier,AU,-37.8333,140.7667,57.2,67,18,8.05,few clouds
289,Egvekinot,RU,66.3167,-179.1667,-12.59,81,98,4.74,overcast clouds
290,Krasnoselkup,RU,65.7,82.4667,33.1,97,100,15.14,overcast clouds
291,Guerrero Negro,MX,27.9769,-114.0611,68.11,60,2,12.68,clear sky
292,Whitianga,NZ,-36.8333,175.7,62.01,76,27,6.22,scattered clouds
293,Mogadishu,SO,2.0371,45.3438,82.58,77,77,12.59,broken clouds
294,Bowen,AU,-20.0167,148.2333,73.4,94,40,4.61,scattered clouds
295,Whyalla,AU,-33.0333,137.5833,64.4,94,0,8.05,moderate rain
296,Katobu,ID,-4.9408,122.5276,77.74,89,100,6.15,light rain
297,Ostersund,SE,63.1792,14.6357,42.8,52,0,14.97,clear sky
298,Teahupoo,PF,-17.8333,-149.2667,77.0,88,75,15.39,broken clouds
299,Viedma,AR,-40.8135,-62.9967,87.87,26,3,18.57,clear sky
300,Saint-Augustin,CA,51.226,-58.6502,36.1,99,99,16.11,overcast clouds
301,Caconde,BR,-21.5294,-46.6439,75.2,53,40,3.51,scattered clouds
302,Lander,US,42.833,-108.7307,66.0,16,1,5.75,clear sky
303,Daru,PG,-9.0763,143.2092,76.32,92,76,6.89,broken clouds
304,Sipe Sipe,BO,-17.45,-66.3833,62.6,77,75,6.91,broken clouds
305,Villa Maria,AR,-32.4075,-63.2402,82.0,53,80,1.99,broken clouds
306,Redwater,US,33.3582,-94.2544,68.0,49,90,5.75,overcast clouds
307,Lashio,MM,22.9333,97.75,67.8,56,100,1.92,overcast clouds
308,Arraial Do Cabo,BR,-22.9661,-42.0278,84.2,57,40,12.66,scattered clouds
309,Batar,RO,46.7,21.8167,45.0,45,0,11.5,clear sky
310,Roald,NO,62.5833,6.1333,32.0,80,75,23.02,light snow
311,Chernyshevskiy,RU,63.0128,112.4714,-22.83,100,68,4.12,broken clouds
312,Nalut,LY,30.3333,10.85,81.16,16,86,4.27,overcast clouds
313,Ballina,AU,-28.8667,153.5667,68.0,94,40,5.75,scattered clouds
314,Natal,BR,-5.795,-35.2094,84.2,79,40,12.66,scattered clouds
315,Huarmey,PE,-10.0681,-78.1522,76.66,71,63,10.36,broken clouds
316,Tautira,PF,-17.7333,-149.15,77.0,88,75,15.39,broken clouds
317,Sao Sebastiao,BR,-23.76,-45.4097,76.33,80,88,4.27,overcast clouds
318,Elvas,PT,38.8815,-7.1628,73.99,38,0,5.75,clear sky
319,Kobelyaky,UA,49.1489,34.1965,43.86,69,80,2.91,broken clouds
320,Trinidad,BO,-14.8333,-64.9,80.6,94,75,7.07,light rain
321,Katangli,RU,51.7102,143.2326,13.23,85,31,9.26,scattered clouds
322,Fortuna,US,40.5982,-124.1573,52.0,87,90,4.61,overcast clouds
323,Gayny,RU,60.3071,54.3241,16.86,97,78,2.98,broken clouds
324,Oksfjord,NO,70.2396,22.3479,32.0,74,0,2.3,clear sky
325,San Cristobal,VE,7.7669,-72.225,80.6,89,40,9.22,scattered clouds
326,Alamosa,US,37.4695,-105.87,60.8,21,1,3.44,clear sky
327,Gouyave,GD,12.1646,-61.7296,84.2,70,20,20.71,few clouds
328,Ayame,CI,5.6083,-3.1563,80.2,81,70,6.44,light rain
329,Milkovo,RU,54.7167,158.6167,19.24,84,85,5.68,overcast clouds
330,Beira,MZ,-19.8436,34.8389,77.0,83,20,8.14,few clouds
331,Cao Bang,VN,22.6667,106.25,67.77,93,100,1.95,light rain
332,Sairang,IN,23.8,92.6667,69.91,28,68,3.71,broken clouds
333,Sorland,NO,67.667,12.6934,33.8,64,75,12.66,snow
334,Umm Kaddadah,SD,13.6017,26.6876,79.92,11,36,13.33,scattered clouds
335,Ambatofinandrahana,MG,-20.55,46.8,61.36,91,21,1.83,few clouds
336,Airai,TL,-8.9266,125.4092,60.49,93,100,4.92,overcast clouds
337,Xichang,CN,27.8964,102.2634,60.6,28,90,0.96,overcast clouds
338,Avera,US,33.194,-82.5271,71.01,23,1,11.5,clear sky
339,Sisimiut,GL,66.9395,-53.6735,25.39,66,100,11.27,snow
340,Asyut,EG,27.181,31.1837,73.0,13,0,10.22,clear sky
341,Omboue,GA,-1.5746,9.2618,78.46,86,74,8.03,light rain
342,Eureka,US,40.8021,-124.1637,52.0,76,98,4.92,overcast clouds
343,Tura,IN,25.5198,90.2201,71.65,29,78,2.82,broken clouds
344,Waingapu,ID,-9.6567,120.2641,78.04,83,100,8.99,moderate rain
345,Cockburn Town,TC,21.4612,-71.1419,77.0,61,75,17.27,broken clouds
346,Tolaga Bay,NZ,-38.3667,178.3,54.99,64,1,6.13,clear sky
347,Liverpool,GB,53.4106,-2.9779,51.8,82,75,14.97,broken clouds
348,Lagoa,PT,39.05,-27.9833,60.13,81,100,17.16,overcast clouds
349,Mwinilunga,ZM,-11.7358,24.4293,63.32,93,66,4.36,light rain
350,Shira,RU,54.4911,89.9531,31.59,70,5,1.68,clear sky
351,Sechura,PE,-5.5569,-80.8222,82.06,59,52,10.83,broken clouds
352,Jacareacanga,BR,-6.2222,-57.7528,92.97,43,100,4.36,overcast clouds
353,Porto Velho,BR,-8.7619,-63.9039,84.2,74,75,2.3,light rain
354,La Asuncion,VE,11.0333,-63.8628,80.64,69,58,16.89,broken clouds
355,Ishigaki,JP,24.3448,124.1572,67.89,72,100,27.16,overcast clouds
356,Sawtell,AU,-30.3833,153.1,66.2,94,100,2.3,overcast clouds
357,Karratha,AU,-20.7377,116.8463,82.83,46,2,6.6,clear sky
358,Necochea,AR,-38.5473,-58.7368,81.0,43,0,10.0,clear sky
359,Sulangan,PH,11.1373,123.7228,81.81,72,67,17.58,broken clouds
360,Nova Aurora,BR,-22.8667,-52.5667,83.61,43,89,7.85,overcast clouds
361,Zaozerne,UA,45.1582,33.2787,45.0,80,100,11.14,overcast clouds
362,Kez,RU,57.8979,53.7152,28.33,96,95,7.31,overcast clouds
363,Xai-Xai,MZ,-25.0519,33.6442,69.94,71,12,6.17,few clouds
364,Asfi,MA,32.2994,-9.2372,63.45,71,0,18.12,clear sky
365,Meulaboh,ID,4.1363,96.1285,76.98,87,100,2.13,overcast clouds
366,Constitucion,CL,-35.3333,-72.4167,63.77,65,24,8.86,few clouds
367,Shingu,JP,33.7333,135.9833,60.96,95,99,5.48,overcast clouds
368,Bonavista,CA,48.6499,-53.1147,44.6,87,100,3.44,overcast clouds
369,San Gabriel,US,34.0961,-118.1058,75.0,48,1,4.92,clear sky
370,Slave Lake,CA,55.2834,-114.769,35.6,93,90,8.05,overcast clouds
371,Kolobrzeg,PL,54.1757,15.5834,43.0,70,56,19.82,broken clouds
372,Yeppoon,AU,-23.1333,150.7333,73.4,88,90,2.3,overcast clouds
373,Tuatapere,NZ,-46.1333,167.6833,55.99,79,61,8.99,broken clouds
374,Sibolga,ID,1.7427,98.7792,76.86,90,94,1.12,overcast clouds
375,Kano,NG,12.0001,8.5167,93.2,13,3,6.91,clear sky
376,Alexandria,EG,31.2156,29.9553,64.11,59,4,10.2,clear sky
377,Kidal,ML,18.4411,1.4078,89.89,4,0,6.31,clear sky
378,Huilong,CN,31.8111,121.655,51.01,67,0,11.86,clear sky
379,Gogrial,SS,8.5332,28.1004,93.0,15,22,4.76,few clouds
380,Peruibe,BR,-24.32,-46.9983,75.56,83,78,7.23,broken clouds
381,Fukue,JP,32.6881,128.8419,55.33,72,91,32.01,overcast clouds
382,Kholodnyy,RU,62.7167,147.95,-7.06,95,100,4.72,overcast clouds
383,Nyurba,RU,63.2842,118.3319,-17.12,100,98,2.86,overcast clouds
384,Kaeo,NZ,-35.1,173.7833,50.0,94,17,3.09,few clouds
385,Nelson Bay,AU,-32.7167,152.15,68.0,94,99,8.48,overcast clouds
386,Saint Anthony,US,45.0205,-93.218,75.2,20,1,9.22,clear sky
387,Snasa,NO,64.2457,12.3778,33.8,86,90,14.97,rain and snow
388,Yarmouth,US,41.7057,-70.2286,55.0,20,1,11.5,clear sky
389,Elko,US,41.0002,-115.5012,64.0,19,1,10.36,clear sky
390,Lillooet,CA,50.6856,-121.942,37.4,81,90,5.75,overcast clouds
391,Khani,GE,41.9563,42.9566,55.4,62,0,5.75,clear sky
392,Juneau,US,58.3019,-134.4197,37.4,75,90,8.05,light snow
393,Shizuishan,CN,39.2333,106.7694,48.24,70,100,14.5,overcast clouds
394,Alice Springs,AU,-23.7,133.8833,59.0,67,0,4.61,clear sky
395,Brazzaville,CG,-4.2658,15.2832,86.0,66,20,8.05,few clouds
396,Olafsvik,IS,64.8945,-23.7142,19.9,53,100,19.69,overcast clouds
397,Tahta,EG,26.7693,31.5021,74.44,10,0,9.33,clear sky
398,Xapuri,BR,-10.6517,-68.5044,80.19,89,96,2.04,overcast clouds
399,Sao Borja,BR,-28.6606,-56.0044,85.96,49,94,6.71,overcast clouds
400,Peniche,PT,39.3558,-9.3811,66.0,64,0,7.0,clear sky
401,Wanaka,NZ,-44.7,169.15,54.1,77,29,9.95,scattered clouds
402,Pandan,PH,14.0453,124.1694,80.47,67,79,9.98,broken clouds
403,Tiznit,MA,29.5833,-9.5,59.29,66,49,9.98,scattered clouds
404,Srednekolymsk,RU,67.45,153.6833,-15.59,100,62,5.93,broken clouds
405,Port Hardy,CA,50.6996,-127.4199,42.8,70,40,11.5,scattered clouds
406,Yuancheng,CN,36.652,107.7896,41.25,83,100,14.23,overcast clouds
407,Borivka,UA,50.4564,29.546,41.0,93,78,5.3,broken clouds
408,Clyde River,CA,70.4692,-68.5914,-9.4,77,1,5.75,clear sky
409,Vata De Jos,RO,46.1833,22.6,39.11,92,87,3.51,overcast clouds
410,Mackay,AU,-21.15,149.2,73.4,94,90,6.91,light rain
411,Clarksburg,US,39.2807,-80.3445,66.99,27,1,4.61,clear sky
412,Porto Novo,BJ,6.4965,2.6036,87.8,74,20,13.8,few clouds
413,Virginia Beach,US,36.8529,-75.978,69.8,21,20,8.05,few clouds
414,Banjar,ID,-8.19,114.9675,82.4,83,20,2.3,few clouds
415,Marawi,PH,7.9986,124.2928,67.21,94,98,0.63,overcast clouds
416,Hailin,CN,44.5833,129.4167,33.42,46,0,4.16,clear sky
417,Tomatlan,MX,19.9333,-105.25,91.56,34,45,10.65,scattered clouds
418,Rio Gallegos,AR,-51.6226,-69.2181,42.8,75,75,10.36,broken clouds
419,Yar-Sale,RU,66.8333,70.8333,30.49,98,100,9.53,light snow
420,Jinchang,CN,38.4953,102.1739,44.74,65,58,4.29,broken clouds
421,Mayor Pablo Lagerenza,PY,-19.9309,-60.7718,94.95,34,99,8.55,overcast clouds
422,Sao Jose Da Coroa Grande,BR,-8.8978,-35.1478,83.07,69,55,9.01,broken clouds
423,Mar Del Plata,AR,-38.0023,-57.5575,77.0,83,40,12.66,scattered clouds
424,Severnyy,RU,50.677,36.5532,37.4,93,96,6.71,overcast clouds
425,Nouadhibou,MR,20.931,-17.0347,71.6,64,79,20.71,broken clouds
426,Walvis Bay,NA,-22.9575,14.5053,68.0,81,8,5.99,clear sky
427,Hovd,MN,48.0056,91.6419,32.02,23,43,0.18,scattered clouds
428,Constantine,DZ,36.365,6.6147,59.0,55,40,10.36,scattered clouds
429,Xining,CN,36.6167,101.7667,36.45,64,96,2.06,overcast clouds
430,Lebyazhye,RU,55.2689,66.4947,32.47,96,100,10.51,overcast clouds
431,Nabire,ID,-3.3667,135.4833,74.07,95,98,3.91,overcast clouds
432,Tucupita,VE,9.0622,-62.051,81.9,81,96,7.7,overcast clouds
433,Talaya,RU,61.3833,152.75,-12.98,100,100,1.81,overcast clouds
434,Snezhnogorsk,RU,69.1933,33.2531,33.8,80,0,11.18,clear sky
435,Fort Abbas,PK,29.1925,72.8536,86.7,7,68,10.11,broken clouds
436,Pimentel,PE,-6.8367,-79.9342,86.0,48,0,14.97,clear sky
437,Flinders,AU,-34.5833,150.8552,64.0,87,2,1.01,clear sky
438,Otradnoye,RU,59.7775,30.8181,42.01,70,75,8.95,broken clouds
439,Pisco,PE,-13.7,-76.2167,77.0,69,0,9.22,clear sky
440,Kozulka,UA,50.0351,23.797,34.0,86,0,2.24,clear sky
441,Ilulissat,GL,69.2167,-51.1,19.4,53,40,9.22,scattered clouds
442,Poso,ID,-1.3959,120.7524,82.0,80,97,3.96,light rain
443,Dunedin,NZ,-45.8742,170.5036,54.0,90,32,1.99,scattered clouds
444,Lavrentiya,RU,65.5833,-171.0,-7.6,81,99,9.19,overcast clouds
445,Bima,ID,-8.4667,118.7167,76.23,93,100,4.65,overcast clouds
446,Otukpo,NG,7.1913,8.1329,92.41,28,83,3.02,broken clouds
447,Flin Flon,CA,54.7682,-101.865,42.8,33,90,6.91,overcast clouds
448,Tarabha,IN,20.7333,83.65,79.47,33,0,0.74,clear sky
449,Puerto Leguizamo,CO,-0.1934,-74.7819,73.31,97,100,0.25,light rain
450,College,US,64.8569,-147.8028,33.8,86,90,6.91,light rain
451,Paamiut,GL,61.994,-49.6678,38.8,74,94,28.52,overcast clouds
452,Isangel,VU,-19.55,169.2667,75.81,74,64,16.46,broken clouds
453,Olavarria,AR,-36.8927,-60.3225,77.0,53,0,4.0,clear sky
454,Chapais,CA,49.7834,-74.8492,41.0,52,90,3.44,overcast clouds
455,New Iberia,US,30.0035,-91.8187,73.0,35,1,10.36,clear sky
456,Calabozo,VE,8.9242,-67.4293,95.58,35,92,9.51,overcast clouds
457,Aloleng,PH,16.1307,119.7824,79.41,80,0,2.06,clear sky
458,Jalu,LY,29.0331,21.5482,77.23,9,0,11.03,clear sky
459,Laon,FR,49.5667,3.6667,50.0,62,0,6.91,clear sky
460,Reyes,BO,-14.3167,-67.3833,82.4,83,90,3.71,overcast clouds
461,Crotone,IT,39.0851,17.1178,55.4,62,40,19.57,scattered clouds
462,Bridlington,GB,54.0831,-0.1919,50.0,69,59,7.0,broken clouds
463,Yangambi,CD,0.8102,24.4336,76.03,73,92,1.5,overcast clouds
464,Makakilo City,US,21.3469,-158.0858,69.8,73,40,4.61,scattered clouds
465,Jodhpur,IN,26.2867,73.03,86.58,19,0,12.03,clear sky
466,Palu,ID,-0.8917,119.8707,75.87,93,100,2.08,moderate rain
467,Bairiki,KI,1.3292,172.9752,81.23,79,8,10.25,clear sky
468,Rapid Valley,US,44.0625,-103.1463,78.01,19,1,10.36,clear sky
469,Pemangkat,ID,1.1667,108.9667,77.81,83,30,0.6,scattered clouds
470,Urucara,BR,-2.5364,-57.76,89.2,55,94,5.1,overcast clouds
471,Douglas,US,41.3,-96.167,79.0,41,1,9.22,clear sky
472,Maharajganj,IN,27.1333,83.5667,75.02,6,0,3.98,clear sky
473,Iquique,CL,-20.2208,-70.1431,73.4,60,0,19.57,moderate rain
474,Hay River,CA,60.8156,-115.7999,15.8,73,100,12.66,overcast clouds
475,Erenhot,CN,43.6475,111.9767,41.58,23,59,0.98,broken clouds
476,Ternate,ID,0.8,127.4,80.4,82,100,7.78,overcast clouds
477,Santa Lucia,ES,27.9117,-15.5407,69.01,56,20,18.41,few clouds
478,Kristiinankaupunki,FI,62.2743,21.376,37.29,81,98,21.07,light rain
479,Coruripe,BR,-10.1256,-36.1756,84.24,64,41,10.78,scattered clouds
480,Bavaniste,RS,44.8189,20.8758,45.0,81,40,6.91,scattered clouds
481,Ventspils,LV,57.3894,21.5606,39.2,93,90,26.46,overcast clouds
482,Pavlodar,KZ,52.3,76.95,37.4,56,0,13.42,clear sky
483,Trofors,NO,65.5333,13.4063,32.0,93,90,1.14,snow
484,Waipawa,NZ,-41.4122,175.5153,64.99,82,75,19.57,broken clouds
485,Bismarck,US,46.8083,-100.7837,62.01,26,1,13.8,clear sky
486,Cabo San Lucas,MX,22.8909,-109.9124,89.01,20,1,3.44,clear sky
487,Impfondo,CG,1.6381,18.0667,77.67,75,94,2.86,overcast clouds
488,Severo-Kurilsk,RU,50.6789,156.125,28.24,84,85,13.67,overcast clouds
489,Lubango,AO,-14.9172,13.4925,64.56,67,99,5.32,overcast clouds
490,Rabaul,PG,-4.1967,152.1721,78.93,79,99,5.23,light rain
491,Muravlenko,RU,63.7898,74.523,32.47,97,100,13.67,overcast clouds
492,Arrifes,PT,37.7667,-25.7,60.8,94,40,13.8,scattered clouds
493,Gorontalo,ID,0.5412,123.0595,75.78,93,94,3.65,overcast clouds
494,Roswell,US,34.0232,-84.3616,70.0,24,1,8.05,clear sky
495,Zhangye,CN,38.9342,100.4517,47.12,50,30,9.91,scattered clouds
496,Leh,IN,34.1667,77.5833,36.21,73,100,3.8,overcast clouds
497,Amapa,BR,1.0,-52.0,79.93,92,94,4.29,moderate rain
498,Ponta Delgada,PT,37.7333,-25.6667,60.8,94,40,13.8,scattered clouds
499,Davila,PH,18.4726,120.5763,78.75,75,4,17.45,clear sky
500,Bom Conselho,BR,-9.1697,-36.6797,78.75,66,70,11.74,broken clouds
501,Ranong,TH,9.9658,98.6348,78.26,85,83,3.0,broken clouds
502,Guerrero,MX,17.6667,-100.0,87.57,25,0,5.28,clear sky
503,Gweta,BW,-20.1833,25.2333,81.46,31,1,5.88,clear sky
504,Breyten,ZA,-26.3018,29.987,58.71,48,7,3.74,clear sky
505,The Valley,AI,18.217,-63.0578,84.2,69,75,13.8,broken clouds
506,Matata,NZ,-37.8833,176.75,55.99,79,10,1.01,clear sky
507,Petropavl,KZ,54.8753,69.1628,32.32,91,100,7.83,overcast clouds
508,Ozernovskiy,RU,51.5,156.5167,29.12,93,100,21.47,snow
509,Aswan,EG,24.0934,32.907,75.43,7,0,11.56,clear sky
510,Moyobamba,PE,-6.05,-76.9667,70.92,90,100,0.98,overcast clouds
511,Wynyard,AU,-41.0,145.7167,53.62,81,12,6.89,few clouds
512,Altay,CN,47.8667,88.1167,37.26,37,3,11.61,clear sky
513,Geraldton,AU,-28.7667,114.6,73.4,83,75,12.66,broken clouds
514,Camacha,PT,33.0833,-16.3333,64.4,68,40,5.75,scattered clouds
515,Mumford,GH,5.2618,-0.759,81.86,82,31,11.74,scattered clouds
516,Zagare,LT,56.3592,23.25,41.0,56,0,9.22,clear sky
517,Mandapeta,IN,16.8667,81.9333,77.97,86,68,4.56,broken clouds
518,Faya,SA,18.3851,42.4509,71.6,49,0,9.22,clear sky
519,Santa Catarina De Tepehuanes,MX,25.35,-105.7333,77.94,11,0,2.26,clear sky
520,Rodrigues Alves,BR,-7.738,-72.6509,84.2,79,75,3.44,broken clouds
521,Platanos,GR,37.6667,21.6167,62.6,88,40,9.22,scattered clouds
522,Siuna,NI,13.7332,-84.7773,84.16,59,59,10.56,broken clouds
523,Samdari,IN,25.8167,72.5833,88.18,15,0,9.95,clear sky
524,Gaspe,CA,48.8334,-64.4819,30.2,80,90,6.91,snow
525,Petropavlovsk-Kamchatskiy,RU,53.0452,158.6483,28.4,86,75,2.24,broken clouds
526,Erzin,TR,36.9559,36.2,61.0,76,14,1.01,few clouds
527,Lakhna,IN,26.65,79.15,83.34,6,1,3.44,clear sky
528,Eguia,PH,15.9065,119.8858,78.08,80,1,2.06,clear sky
529,Henties Bay,NA,-22.116,14.2845,68.0,81,3,5.99,clear sky
530,Gopalpur,IN,19.2667,84.9167,78.78,87,1,9.6,clear sky
531,Kangavar,IR,34.5043,47.9653,50.14,34,0,3.8,clear sky
532,Pechenga,RU,69.5259,31.1703,33.8,93,75,16.11,light rain
533,Talara,PE,-4.5772,-81.2719,89.6,48,0,12.66,clear sky
534,Yako,BF,12.9667,-2.2667,95.68,5,2,5.19,clear sky
535,Dukat,RU,62.55,155.55,-17.34,97,96,4.27,overcast clouds
536,Maracacume,BR,-2.0428,-45.9592,83.1,81,81,6.17,moderate rain
537,Turkmenabat,TM,39.0733,63.5786,51.8,46,8,6.91,clear sky
538,Kolpny,RU,52.2282,37.0368,34.74,84,37,4.47,scattered clouds
539,Raudeberg,NO,61.9875,5.1352,30.99,93,100,33.82,light snow
540,Rocha,UY,-34.4833,-54.3333,77.95,55,14,7.94,few clouds
541,Komsomolskiy,UZ,40.4272,71.7189,48.2,87,75,4.61,mist
542,Correntina,BR,-13.3433,-44.6367,93.42,29,54,4.92,broken clouds
543,Tibati,CM,6.4667,12.6333,81.05,21,25,2.3,scattered clouds
544,Ulladulla,AU,-35.35,150.4667,66.2,88,75,8.05,broken clouds
545,Limbang,MY,4.75,115.0,78.8,94,75,1.14,broken clouds
546,Weligama,LK,5.9667,80.4167,77.41,84,79,8.1,broken clouds
547,Vanimo,PG,-2.6741,141.3028,77.76,88,94,1.81,overcast clouds
548,Kununurra,AU,-15.7667,128.7333,69.8,94,89,1.14,overcast clouds
549,Athabasca,CA,54.7169,-113.2854,41.0,81,100,11.5,overcast clouds
550,Samarai,PG,-10.6167,150.6667,82.18,77,97,6.02,overcast clouds
551,Mareeba,AU,-17.0,145.4333,75.2,88,75,5.75,broken clouds
552,Kelamangalam,IN,12.6,77.85,87.01,32,20,1.14,few clouds
553,Zapolyarnyy,RU,69.4154,30.8136,33.8,93,75,16.11,light snow
554,Zlobin,HR,45.2924,14.6541,51.8,30,0,10.36,clear sky
555,Fredericksburg,US,38.3032,-77.4605,72.0,23,1,12.66,clear sky
556,Ilhabela,BR,-23.7781,-45.3581,76.41,78,88,5.39,overcast clouds
557,Thinadhoo,MV,0.5333,72.9333,83.41,76,50,16.4,scattered clouds
558,Terney,RU,45.0503,136.6092,32.49,63,1,5.7,clear sky
559,Sao Joao Da Barra,BR,-21.6403,-41.0511,84.2,54,40,16.11,scattered clouds
560,Caravelas,BR,-17.7125,-39.2481,81.95,62,77,9.31,broken clouds
561,Yenagoa,NG,4.9247,6.2642,83.12,70,100,8.99,overcast clouds
562,Zhirnovsk,RU,50.9845,44.7735,37.4,72,100,4.63,overcast clouds
563,Darnah,LY,32.767,22.6367,77.18,23,9,25.95,clear sky
564,Hamilton,US,39.1834,-84.5333,70.0,32,1,6.31,clear sky
565,Acarau,BR,-2.8856,-40.12,84.0,73,100,15.46,overcast clouds
566,Severnoye,RU,56.3491,78.3619,24.96,88,100,7.92,overcast clouds
567,Jumla,NP,29.2747,82.1838,45.1,23,30,4.9,scattered clouds
568,Mersing,MY,2.4312,103.8405,79.25,82,79,1.59,broken clouds
569,Solnechnyy,RU,50.7214,136.6319,25.95,56,7,3.29,clear sky
570,San Vicente,AR,-26.6167,-54.1333,82.69,42,59,1.39,broken clouds
571,Zhenhai,CN,24.2582,118.0905,64.4,77,90,13.42,overcast clouds
572,Valdivia,CL,-39.8142,-73.2459,66.2,63,0,5.75,clear sky
573,Port Augusta,AU,-32.5,137.7667,64.4,94,0,8.05,light rain
574,Sile,TR,41.1754,29.6133,51.01,93,75,18.41,broken clouds
575,Goundam,ML,16.4145,-3.6708,94.24,5,4,4.7,clear sky
576,Haines Junction,CA,60.7522,-137.5108,19.4,68,100,2.3,overcast clouds
577,Ambanja,MG,-13.6833,48.45,76.42,91,24,2.8,light rain
578,Wanganui,NZ,-39.9333,175.05,60.01,75,97,5.01,overcast clouds
579,Muisne,EC,0.6,-80.0333,80.6,100,90,6.91,light rain
580,Vao,NC,-22.6667,167.4833,75.78,61,65,21.41,broken clouds
581,Pecos,US,31.4229,-103.4932,63.0,67,90,10.36,overcast clouds
582,Manat,PH,7.5327,126.0173,82.4,78,75,6.91,broken clouds
583,General Pico,AR,-35.6566,-63.7568,82.92,40,1,13.44,clear sky
584,Saint-Joseph,RE,-21.3667,55.6167,78.8,73,0,3.44,clear sky
585,Vypolzovo,RU,57.8767,33.6986,33.26,78,100,8.46,overcast clouds
586,La Palma,US,33.8464,-118.0467,70.0,72,75,5.03,broken clouds
587,Klaksvik,FO,62.2266,-6.589,23.0,54,75,42.57,light snow
588,Charters Towers,AU,-20.1,146.2667,70.18,96,100,8.93,light rain
589,Bilma,NE,18.6853,12.9164,82.85,7,0,7.18,clear sky
590,Gravdal,NO,68.1214,13.5031,30.2,74,90,5.75,light snow
591,Yulara,AU,-25.2406,130.9889,66.2,39,0,5.75,clear sky
592,Touros,BR,-5.1989,-35.4608,77.0,94,40,16.11,scattered clouds
593,Oskarshamn,SE,57.2645,16.4484,46.0,75,20,14.0,few clouds
594,Goderich,CA,43.7501,-81.7165,42.8,75,14,8.05,few clouds
595,Trairi,BR,-3.2778,-39.2689,83.86,72,97,11.74,overcast clouds
596,Rathdrum,US,47.8137,-116.892,53.01,57,20,9.22,few clouds
597,Karasjok,NO,69.4719,25.5112,32.0,80,75,5.12,light snow
598,Naqadeh,IR,36.9553,45.388,47.46,62,15,6.73,few clouds
599,Emmett,US,43.8735,-116.4993,66.0,31,28,1.01,scattered clouds
600,Rio Tercero,AR,-32.173,-64.1141,77.0,56,85,4.0,overcast clouds
601,Pyinmana,MM,19.7333,96.2167,70.86,81,95,3.71,overcast clouds
602,Haimen,CN,23.1935,116.6142,68.0,77,90,6.71,overcast clouds
603,Bradesti,RO,44.4833,23.6333,45.0,84,100,1.01,overcast clouds
604,Porto Belo,BR,-27.1578,-48.5531,78.8,65,20,8.05,few clouds
605,Bubaque,GW,11.2833,-15.8333,75.42,73,93,14.36,overcast clouds
606,Velikooktyabrskiy,RU,57.4333,33.8159,32.0,83,100,7.76,overcast clouds
607,Kasangulu,CD,-4.5911,15.1708,86.0,70,75,6.91,broken clouds
608,Nemuro,JP,43.3236,145.575,32.32,85,100,17.07,snow
609,Hanzhong,CN,33.0728,107.0303,47.21,87,100,1.12,light rain
610,Manggar,ID,-2.8833,108.2667,80.19,81,94,5.82,overcast clouds
611,Kavaratti,IN,10.5669,72.642,82.65,69,63,12.73,broken clouds
612,Belawan,ID,3.7755,98.6832,78.8,100,75,3.44,broken clouds
613,Illkirch-Graffenstaden,FR,48.5289,7.7152,57.2,35,0,3.44,clear sky
614,Chebsara,RU,59.2002,38.8356,37.4,65,40,4.47,light rain
615,Hailar,CN,49.2,119.7,37.13,57,67,12.75,broken clouds
616,Belle Fourche,US,44.6714,-103.8522,73.0,16,1,11.5,clear sky
617,Tessalit,ML,20.1986,1.0114,90.41,5,0,3.89,clear sky
618,Pyu,MM,18.4833,96.4333,71.6,89,100,0.4,overcast clouds
619,Dubai,AE,25.2582,55.3047,78.8,53,0,9.22,clear sky
620,Belaya Gora,RU,68.5333,146.4167,-6.52,98,100,6.46,overcast clouds
621,Yaring,TH,6.8662,101.3689,79.29,83,98,4.32,overcast clouds
622,Silvassa,IN,20.2667,73.0167,77.83,76,5,3.31,clear sky
623,Yumen,CN,40.2833,97.2,42.57,50,20,14.83,few clouds
624,Medvedka,RU,61.1629,46.387,27.77,93,92,4.38,overcast clouds
625,Qasigiannguit,GL,68.8193,-51.1922,19.4,53,40,9.22,scattered clouds
626,Bardiyah,LY,31.7561,25.0865,73.81,27,0,12.03,clear sky
627,Voyvozh,RU,62.892,54.9635,19.81,96,63,2.19,broken clouds
628,Chernenko,RU,44.365,39.3103,50.95,74,100,7.92,light rain
629,Bijie,CN,27.3125,105.2942,50.16,87,100,4.29,light rain
630,Busembatia,UG,0.7697,33.6131,66.2,94,99,5.61,moderate rain
631,Ler,SS,8.3018,30.1418,91.51,16,72,5.3,broken clouds
632,Santa Helena,BR,-2.2311,-45.3,81.79,87,92,5.35,overcast clouds
633,Praia Da Vitoria,PT,38.7333,-27.0667,61.0,82,75,10.67,broken clouds
634,Baza,ES,37.4907,-2.7726,55.0,72,70,7.49,broken clouds
635,Sandwick,GB,60.0,-1.25,30.2,86,75,29.93,light snow
636,Ashqelon,IL,31.6693,34.5715,64.0,26,0,11.88,clear sky
637,Champerico,GT,14.3,-91.9167,87.8,62,20,12.37,few clouds
638,Manaure,CO,11.7751,-72.4445,85.37,59,87,15.99,overcast clouds
639,Kawalu,ID,-7.3817,108.2082,73.27,98,100,1.16,overcast clouds
640,Pogradec,AL,40.9025,20.6525,44.83,94,100,5.95,overcast clouds
641,Santa Marta,CO,11.2408,-74.199,83.03,70,79,13.02,broken clouds
642,Archidona,ES,37.0965,-4.3887,66.0,73,53,7.0,light rain
643,Borovoy,RU,55.4333,86.0833,33.8,51,0,2.3,clear sky
644,Ryotsu,JP,38.0833,138.4333,47.57,85,100,11.41,overcast clouds
645,Sotnikovskoye,RU,45.0039,43.7772,51.62,73,97,8.93,overcast clouds
646,Kungurtug,RU,50.5994,97.5228,19.33,92,59,1.95,broken clouds
647,Qidong,CN,31.8128,121.6561,51.01,67,0,11.88,clear sky
648,Mangai,CD,-4.05,19.5333,67.6,98,99,3.89,overcast clouds
649,Baymak,RU,52.5933,58.3225,32.83,98,99,7.74,overcast clouds
650,Carlsbad,US,33.1581,-117.3506,71.01,67,1,3.44,clear sky
651,Sokolo,ML,14.7328,-6.1219,100.49,4,3,6.98,clear sky
652,Kirensk,RU,57.7853,108.1119,16.25,88,99,5.97,overcast clouds
653,Baoshan,CN,46.5586,131.4244,37.09,40,31,10.27,scattered clouds
654,Kahului,US,20.8947,-156.47,69.8,100,40,12.66,moderate rain
655,Puerto Escondido,MX,15.85,-97.0667,86.0,79,1,6.91,clear sky
656,Turukhansk,RU,65.8167,87.9833,22.62,94,100,18.3,light snow
657,Iberia,US,29.9502,-91.7507,73.0,35,1,10.36,clear sky
658,Tucuma,BR,-0.1833,-50.05,83.05,81,52,6.4,broken clouds
659,Seydisehir,TR,37.4193,31.8453,46.51,85,74,5.91,broken clouds
660,Barcelos,PT,41.5388,-8.6151,66.2,45,0,14.97,clear sky
661,Mardin,TR,37.3131,40.7436,47.89,63,8,1.88,clear sky
662,Lasa,IT,46.6166,10.7002,62.6,39,0,6.91,clear sky
663,Teya,RU,60.3778,92.6267,32.92,97,100,6.13,overcast clouds
664,Bongandanga,CD,1.5,21.05,74.28,85,100,1.25,light rain
665,Plastun,RU,44.7561,136.2939,32.34,59,0,4.32,clear sky
666,Coahuayana,MX,18.7333,-103.6833,82.4,36,40,7.4,scattered clouds
667,Vaitape,PF,-16.5167,-151.75,81.37,76,26,10.09,scattered clouds
668,Aripuana,BR,-9.1667,-60.6333,79.84,76,100,1.01,overcast clouds
669,Kanturk,IE,52.1667,-8.9,50.0,71,75,9.22,broken clouds
670,Kindu,CD,-2.95,25.95,71.91,91,81,2.39,broken clouds
671,Bowling Green,US,36.9903,-86.4436,66.2,32,1,8.05,clear sky
672,Tabuk,PH,17.4189,121.4443,71.82,87,10,3.69,clear sky
673,Grand-Santi,GF,4.25,-54.3833,80.42,90,100,3.65,light rain
674,Krasnoarmeysk,RU,51.0239,45.6969,34.5,78,100,2.75,overcast clouds
675,Iqaluit,CA,63.7506,-68.5145,8.6,78,20,3.44,few clouds
676,Aranos,NA,-24.1333,19.1167,83.93,21,18,6.46,few clouds
677,Pervomayskoye,RU,43.919,46.7102,49.15,68,13,11.32,few clouds
678,Port Hedland,AU,-20.3167,118.5667,73.4,56,2,5.75,clear sky
679,Banda Aceh,ID,5.5577,95.3222,79.99,78,93,8.57,overcast clouds
680,Isparta,TR,38.0,31.0,50.0,81,75,3.44,light rain
681,Vostok,RU,46.4856,135.8833,20.95,75,1,5.75,clear sky
682,Byron Bay,AU,-28.65,153.6167,68.0,94,40,5.75,scattered clouds
683,Liling,CN,27.6667,113.5,53.6,100,75,6.71,mist
684,Vammala,FI,61.3333,22.9,39.0,70,0,14.97,clear sky
685,Ukiah,US,39.1502,-123.2078,55.4,58,40,4.61,scattered clouds
686,Atambua,ID,-9.1061,124.8925,73.78,94,100,15.99,moderate rain
687,Rio Grande,BR,-32.035,-52.0986,80.6,61,40,14.97,scattered clouds
688,Poya,NC,-21.35,165.15,73.31,83,94,6.91,overcast clouds
689,Sanandaj,IR,35.3144,46.9923,49.59,50,0,4.38,clear sky
690,Mahibadhoo,MV,3.7833,72.9667,84.47,72,7,13.02,clear sky
691,Vagur,FO,61.4732,-6.8119,26.2,66,100,44.22,light snow
692,Bintulu,MY,3.1667,113.0333,75.2,100,40,1.14,scattered clouds
693,Beringovskiy,RU,63.05,179.3167,-12.3,96,20,5.79,few clouds
694,Kirakira,SB,-10.4544,161.9205,79.21,86,86,4.65,overcast clouds
695,Nedelino,BG,41.45,25.0833,39.02,96,100,6.62,overcast clouds
696,Igarka,RU,67.4667,86.5833,16.09,93,100,16.28,light snow
697,Hurricane,US,37.1753,-113.2899,75.0,19,1,5.14,clear sky
698,Rzhev,RU,56.2624,34.3282,32.68,86,98,5.95,overcast clouds
699,Bonthe,SL,7.5264,-12.505,83.68,71,56,11.63,broken clouds
700,Caxito,AO,-8.5785,13.6643,80.6,78,40,4.61,scattered clouds
701,Freeport,US,40.6576,-73.5832,59.0,40,90,5.75,overcast clouds
702,Fenoarivo,MG,-18.933,47.4354,68.0,83,40,3.44,scattered clouds
703,Manga,BF,11.6636,-1.0731,96.22,7,1,5.7,clear sky
704,Multan,PK,30.1956,71.4753,82.4,36,40,9.22,haze
705,Linfen,CN,36.0889,111.5189,49.32,40,31,0.89,scattered clouds
706,Barra Bonita,BR,-22.4947,-48.5581,86.0,45,40,9.22,scattered clouds
707,Buraydah,SA,26.326,43.975,69.8,26,0,5.75,clear sky
708,Cozumel,MX,20.5083,-86.9458,80.6,54,40,19.57,scattered clouds
709,Fuyu,CN,45.1833,124.8167,42.57,29,0,10.45,clear sky
710,Banting,MY,2.8167,101.5,82.4,89,20,2.3,few clouds
